vehicle_id,stock_number,title,description,url,make,model,year,mileage.value,mileage.unit,vin,price,state_of_vehicle,condition,availability,exterior_color,body_style,transmission,drivetrain,fuel_type,custom_label_0,dealer_name,address,latitude,longitude,image[0].url,image[1].url,image[2].url,image[3].url,image[4].url,image[5].url,image[6].url,image[7].url,image[8].url,image[9].url,image[10].url,image[11].url,image[12].url,image[13].url,image[14].url,image[15].url,image[16].url,image[17].url,image[18].url,image[19].url
24245847,10822,2007 BMW 3-Series 328i Convertible,"Used 2007 BMW 3-Series 328i Convertible with 150,609 miles. Stock #10822. Buy Here Pay Here financing available at Village Motors in South Lebanon, OH — no credit check, no interest, no dealer fees. Call 283-203-8763 or visit us at 260 West Pike Street.",https://villagemotorsautos.com/vdp/24245847/Used-2007-BMW-3Series-328i-Convertible-for-sale-in-South-Lebanon-OH-45065,BMW,3-Series 328i Convertible,2007,150609,MI,WBAWL13577PX13510,5400.00 USD,used,good,available,Not Specified,OTHER,automatic,RWD,gasoline,budget,Village Motors,"{""addr1"":""260 West Pike Street"",""city"":""South Lebanon"",""region"":""OH"",""postal_code"":""45065"",""country"":""US""}",39.3735708,-84.216369,https://imagescdn.dealercarsearch.com/Media/25092/24245847/639264576988666529.jpg,https://imagescdn.dealercarsearch.com/Media/25092/24245847/639264576991790549.jpg,https://imagescdn.dealercarsearch.com/Media/25092/24245847/639264577010073319.jpg,https://imagescdn.dealercarsearch.com/Media/25092/24245847/639264577011311575.jpg,https://imagescdn.dealercarsearch.com/Media/25092/24245847/639264577027389649.jpg,https://imagescdn.dealercarsearch.com/Media/25092/24245847/639264577028642109.jpg,https://imagescdn.dealercarsearch.com/Media/25092/24245847/639264577046245888.jpg,https://imagescdn.dealercarsearch.com/Media/25092/24245847/639264577048224189.jpg,https://imagescdn.dealercarsearch.com/Media/25092/24245847/639264577063726148.jpg,https://imagescdn.dealercarsearch.com/Media/25092/24245847/639264577068141681.jpg,https://imagescdn.dealercarsearch.com/Media/25092/24245847/639264577075775143.jpg,,,,,,,,,
24207501,10816,2008 Buick Enclave CXL AWD,"Used 2008 Buick Enclave CXL AWD with 163,417 miles. Stock #10816. Buy Here Pay Here financing available at Village Motors in South Lebanon, OH — no credit check, no interest, no dealer fees. Call 283-203-8763 or visit us at 260 West Pike Street.",https://villagemotorsautos.com/vdp/24207501/Used-2008-Buick-Enclave-CXL-AWD-for-sale-in-South-Lebanon-OH-45065,Buick,Enclave CXL AWD,2008,163417,MI,5GAEV23798J305208,4500.00 USD,used,good,available,Not Specified,OTHER,automatic,AWD,gasoline,budget,Village Motors,"{""addr1"":""260 West Pike Street"",""city"":""South Lebanon"",""region"":""OH"",""postal_code"":""45065"",""country"":""US""}",39.3735708,-84.216369,https://imagescdn.dealercarsearch.com/Media/25092/24207501/639252411568686628.jpg,https://imagescdn.dealercarsearch.com/Media/25092/24207501/639229181037441777.jpg,https://imagescdn.dealercarsearch.com/Media/25092/24207501/639229181102786107.jpg,https://imagescdn.dealercarsearch.com/Media/25092/24207501/639229181104369286.jpg,https://imagescdn.dealercarsearch.com/Media/25092/24207501/639229181120799382.jpg,https://imagescdn.dealercarsearch.com/Media/25092/24207501/639229181121982111.jpg,https://imagescdn.dealercarsearch.com/Media/25092/24207501/639229181134868454.jpg,https://imagescdn.dealercarsearch.com/Media/25092/24207501/639229181136515972.jpg,https://imagescdn.dealercarsearch.com/Media/25092/24207501/639229181150445893.jpg,https://imagescdn.dealercarsearch.com/Media/25092/24207501/639229181151690443.jpg,https://imagescdn.dealercarsearch.com/Media/25092/24207501/639229181160161724.jpg,,,,,,,,,
24358263,10831,2013 Chevrolet Cruze 1LT Auto,"Used 2013 Chevrolet Cruze 1LT Auto with 135,035 miles. Stock #10831. Buy Here Pay Here financing available at Village Motors in South Lebanon, OH — no credit check, no interest, no dealer fees. Call 283-203-8763 or visit us at 260 West Pike Street.",https://villagemotorsautos.com/vdp/24358263/Used-2013-Chevrolet-Cruze-1LT-Auto-for-sale-in-South-Lebanon-OH-45065,Chevrolet,Cruze 1LT Auto,2013,135035,MI,1G1PC5SB8D7125805,4200.00 USD,used,good,available,Not Specified,OTHER,automatic,FWD,gasoline,budget,Village Motors,"{""addr1"":""260 West Pike Street"",""city"":""South Lebanon"",""region"":""OH"",""postal_code"":""45065"",""country"":""US""}",39.3735708,-84.216369,https://imagescdn.dealercarsearch.com/Media/25092/24358263/639264581900811545.jpg,https://imagescdn.dealercarsearch.com/Media/25092/24358263/639264581904459045.jpg,https://imagescdn.dealercarsearch.com/Media/25092/24358263/639264581921827052.jpg,https://imagescdn.dealercarsearch.com/Media/25092/24358263/639264581922902700.jpg,https://imagescdn.dealercarsearch.com/Media/25092/24358263/639264581938330426.jpg,https://imagescdn.dealercarsearch.com/Media/25092/24358263/639264581939646199.jpg,https://imagescdn.dealercarsearch.com/Media/25092/24358263/639264581952622254.jpg,https://imagescdn.dealercarsearch.com/Media/25092/24358263/639264581953748201.jpg,https://imagescdn.dealercarsearch.com/Media/25092/24358263/639264581961231957.jpg,,,,,,,,,,,
24339821,10828,2014 Chevrolet Cruze 1LT Auto,"Used 2014 Chevrolet Cruze 1LT Auto with 135,920 miles. Stock #10828. Buy Here Pay Here financing available at Village Motors in South Lebanon, OH — no credit check, no interest, no dealer fees. Call 283-203-8763 or visit us at 260 West Pike Street.",https://villagemotorsautos.com/vdp/24339821/Used-2014-Chevrolet-Cruze-1LT-Auto-for-sale-in-South-Lebanon-OH-45065,Chevrolet,Cruze 1LT Auto,2014,135920,MI,1G1PC5SB2E7224797,3900.00 USD,used,good,available,Not Specified,OTHER,automatic,FWD,gasoline,budget,Village Motors,"{""addr1"":""260 West Pike Street"",""city"":""South Lebanon"",""region"":""OH"",""postal_code"":""45065"",""country"":""US""}",39.3735708,-84.216369,https://imagescdn.dealercarsearch.com/Media/25092/24339821/639264581524682704.jpg,https://imagescdn.dealercarsearch.com/Media/25092/24339821/639264581528149833.jpg,https://imagescdn.dealercarsearch.com/Media/25092/24339821/639264581544996703.jpg,https://imagescdn.dealercarsearch.com/Media/25092/24339821/639264581546405508.jpg,https://imagescdn.dealercarsearch.com/Media/25092/24339821/639264581563804029.jpg,https://imagescdn.dealercarsearch.com/Media/25092/24339821/639264581565171830.jpg,https://imagescdn.dealercarsearch.com/Media/25092/24339821/639264581578359440.jpg,https://imagescdn.dealercarsearch.com/Media/25092/24339821/639264581579666322.jpg,https://imagescdn.dealercarsearch.com/Media/25092/24339821/639264581593054939.jpg,https://imagescdn.dealercarsearch.com/Media/25092/24339821/639264581595450493.jpg,,,,,,,,,,
23398551,10689,2016 Chevrolet Cruze LS Auto,"Used 2016 Chevrolet Cruze LS Auto with 133,971 miles. Stock #10689. Buy Here Pay Here financing available at Village Motors in South Lebanon, OH — no credit check, no interest, no dealer fees. Call 283-203-8763 or visit us at 260 West Pike Street.",https://villagemotorsautos.com/vdp/23398551/Used-2016-Chevrolet-Cruze-LS-Auto-for-sale-in-South-Lebanon-OH-45065,Chevrolet,Cruze LS Auto,2016,133971,MI,1G1BC5SM4G7253622,6500.00 USD,used,good,available,Not Specified,OTHER,automatic,FWD,gasoline,budget,Village Motors,"{""addr1"":""260 West Pike Street"",""city"":""South Lebanon"",""region"":""OH"",""postal_code"":""45065"",""country"":""US""}",39.3735708,-84.216369,https://imagescdn.dealercarsearch.com/Media/25092/23398551/639252411668990791.jpg,https://imagescdn.dealercarsearch.com/Media/25092/23398551/639239603094611343.jpg,https://imagescdn.dealercarsearch.com/Media/25092/23398551/639239603113026269.jpg,https://imagescdn.dealercarsearch.com/Media/25092/23398551/639239603114177062.jpg,https://imagescdn.dealercarsearch.com/Media/25092/23398551/639239603129637435.jpg,https://imagescdn.dealercarsearch.com/Media/25092/23398551/639239603130753618.jpg,https://imagescdn.dealercarsearch.com/Media/25092/23398551/639239603143787339.jpg,https://imagescdn.dealercarsearch.com/Media/25092/23398551/639239603144759824.jpg,https://imagescdn.dealercarsearch.com/Media/25092/23398551/639239603151538827.jpg,,,,,,,,,,,
24207665,10818,2011 Chevrolet Equinox LTZ AWD,"Used 2011 Chevrolet Equinox LTZ AWD with 144,650 miles. Stock #10818. Buy Here Pay Here financing available at Village Motors in South Lebanon, OH — no credit check, no interest, no dealer fees. Call 283-203-8763 or visit us at 260 West Pike Street.",https://villagemotorsautos.com/vdp/24207665/Used-2011-Chevrolet-Equinox-LTZ-AWD-for-sale-in-South-Lebanon-OH-45065,Chevrolet,Equinox LTZ AWD,2011,144650,MI,2CNFLGEC3B6379255,4500.00 USD,used,good,available,Not Specified,SUV,automatic,AWD,gasoline,budget,Village Motors,"{""addr1"":""260 West Pike Street"",""city"":""South Lebanon"",""region"":""OH"",""postal_code"":""45065"",""country"":""US""}",39.3735708,-84.216369,https://imagescdn.dealercarsearch.com/Media/25092/24207665/639252411669113966.jpg,https://imagescdn.dealercarsearch.com/Media/25092/24207665/639227392170410525.jpg,https://imagescdn.dealercarsearch.com/Media/25092/24207665/639227392186189936.jpg,https://imagescdn.dealercarsearch.com/Media/25092/24207665/639227392187197861.jpg,https://imagescdn.dealercarsearch.com/Media/25092/24207665/639227392199779579.jpg,https://imagescdn.dealercarsearch.com/Media/25092/24207665/639227392201277694.jpg,https://imagescdn.dealercarsearch.com/Media/25092/24207665/639227392214268725.jpg,https://imagescdn.dealercarsearch.com/Media/25092/24207665/639227392215345477.jpg,https://imagescdn.dealercarsearch.com/Media/25092/24207665/639227392222587217.jpg,,,,,,,,,,,
23604629,10723,2011 Chevrolet Equinox LS 2WD,"Used 2011 Chevrolet Equinox LS 2WD with 169,189 miles. Stock #10723. Buy Here Pay Here financing available at Village Motors in South Lebanon, OH — no credit check, no interest, no dealer fees. Call 283-203-8763 or visit us at 260 West Pike Street.",https://villagemotorsautos.com/vdp/23604629/Used-2011-Chevrolet-Equinox-LS-2WD-for-sale-in-South-Lebanon-OH-45065,Chevrolet,Equinox LS 2WD,2011,169189,MI,2GNALBEC9B1175033,3795.00 USD,used,good,available,Not Specified,SUV,automatic,FWD,gasoline,budget,Village Motors,"{""addr1"":""260 West Pike Street"",""city"":""South Lebanon"",""region"":""OH"",""postal_code"":""45065"",""country"":""US""}",39.3735708,-84.216369,https://imagescdn.dealercarsearch.com/Media/25092/23604629/639252411568686628.jpg,https://imagescdn.dealercarsearch.com/Media/25092/23604629/639195568221643705.jpg,https://imagescdn.dealercarsearch.com/Media/25092/23604629/639195568246868088.jpg,https://imagescdn.dealercarsearch.com/Media/25092/23604629/639195568275178224.jpg,https://imagescdn.dealercarsearch.com/Media/25092/23604629/639195568300740012.jpg,https://imagescdn.dealercarsearch.com/Media/25092/23604629/639195568326358135.jpg,https://imagescdn.dealercarsearch.com/Media/25092/23604629/639195568350116702.jpg,https://imagescdn.dealercarsearch.com/Media/25092/23604629/639195568364878766.jpg,https://imagescdn.dealercarsearch.com/Media/25092/23604629/639195568379757638.jpg,https://imagescdn.dealercarsearch.com/Media/25092/23604629/639195568394208701.jpg,https://imagescdn.dealercarsearch.com/Media/25092/23604629/639195568409442651.jpg,https://imagescdn.dealercarsearch.com/Media/25092/23604629/639195568424180847.jpg,https://imagescdn.dealercarsearch.com/Media/25092/23604629/639195568439056687.jpg,https://imagescdn.dealercarsearch.com/Media/25092/23604629/639195568454133491.jpg,https://imagescdn.dealercarsearch.com/Media/25092/23604629/639195568469466787.jpg,,,,,
24206597,10814,2011 Chevrolet Equinox 2LT AWD,"Used 2011 Chevrolet Equinox 2LT AWD with 139,803 miles. Stock #10814. Buy Here Pay Here financing available at Village Motors in South Lebanon, OH — no credit check, no interest, no dealer fees. Call 283-203-8763 or visit us at 260 West Pike Street.",https://villagemotorsautos.com/vdp/24206597/Used-2011-Chevrolet-Equinox-2LT-AWD-for-sale-in-South-Lebanon-OH-45065,Chevrolet,Equinox 2LT AWD,2011,139803,MI,2CNFLNECXB6375613,4195.00 USD,used,good,available,Not Specified,SUV,automatic,AWD,gasoline,budget,Village Motors,"{""addr1"":""260 West Pike Street"",""city"":""South Lebanon"",""region"":""OH"",""postal_code"":""45065"",""country"":""US""}",39.3735708,-84.216369,https://imagescdn.dealercarsearch.com/Media/25092/24206597/639252411568842829.jpg,https://imagescdn.dealercarsearch.com/Media/25092/24206597/639250700529541778.jpg,https://imagescdn.dealercarsearch.com/Media/25092/24206597/639250700546318597.jpg,https://imagescdn.dealercarsearch.com/Media/25092/24206597/639250700597464012.jpg,https://imagescdn.dealercarsearch.com/Media/25092/24206597/639250700609412817.jpg,https://imagescdn.dealercarsearch.com/Media/25092/24206597/639250700610457267.jpg,https://imagescdn.dealercarsearch.com/Media/25092/24206597/639250700629944891.jpg,https://imagescdn.dealercarsearch.com/Media/25092/24206597/639250700630881084.jpg,,,,,,,,,,,,
24245058,10820,2009 Chevrolet HHR LT1,"Used 2009 Chevrolet HHR LT1 with 107,648 miles. Stock #10820. Buy Here Pay Here financing available at Village Motors in South Lebanon, OH — no credit check, no interest, no dealer fees. Call 283-203-8763 or visit us at 260 West Pike Street.",https://villagemotorsautos.com/vdp/24245058/Used-2009-Chevrolet-HHR-LT1-for-sale-in-South-Lebanon-OH-45065,Chevrolet,HHR LT1,2009,107648,MI,3GNCA23B59S592172,3500.00 USD,used,good,available,Not Specified,OTHER,automatic,FWD,gasoline,budget,Village Motors,"{""addr1"":""260 West Pike Street"",""city"":""South Lebanon"",""region"":""OH"",""postal_code"":""45065"",""country"":""US""}",39.3735708,-84.216369,https://imagescdn.dealercarsearch.com/Media/25092/24245058/639252411568842829.jpg,https://imagescdn.dealercarsearch.com/Media/25092/24245058/639250701548317940.jpg,https://imagescdn.dealercarsearch.com/Media/25092/24245058/639250701560800898.jpg,https://imagescdn.dealercarsearch.com/Media/25092/24245058/639250701561883937.jpg,https://imagescdn.dealercarsearch.com/Media/25092/24245058/639250701575177296.jpg,https://imagescdn.dealercarsearch.com/Media/25092/24245058/639250701576151787.jpg,https://imagescdn.dealercarsearch.com/Media/25092/24245058/639250701583774535.jpg,,,,,,,,,,,,,
24339850,10830,2015 Dodge Dart SXT,"Used 2015 Dodge Dart SXT with 136,861 miles. Stock #10830. Buy Here Pay Here financing available at Village Motors in South Lebanon, OH — no credit check, no interest, no dealer fees. Call 283-203-8763 or visit us at 260 West Pike Street.",https://villagemotorsautos.com/vdp/24339850/Used-2015-Dodge-Dart-SXT-for-sale-in-South-Lebanon-OH-45065,Dodge,Dart SXT,2015,136861,MI,1C3CDFBB3FD374241,4900.00 USD,used,good,available,Not Specified,OTHER,automatic,FWD,gasoline,budget,Village Motors,"{""addr1"":""260 West Pike Street"",""city"":""South Lebanon"",""region"":""OH"",""postal_code"":""45065"",""country"":""US""}",39.3735708,-84.216369,https://imagescdn.dealercarsearch.com/Media/25092/24339850/639264652082331596.jpg,https://imagescdn.dealercarsearch.com/Media/25092/24339850/639264652085332554.jpg,https://imagescdn.dealercarsearch.com/Media/25092/24339850/639264652114000008.jpg,https://imagescdn.dealercarsearch.com/Media/25092/24339850/639264652115884107.jpg,https://imagescdn.dealercarsearch.com/Media/25092/24339850/639264652133676297.jpg,https://imagescdn.dealercarsearch.com/Media/25092/24339850/639264652135015681.jpg,https://imagescdn.dealercarsearch.com/Media/25092/24339850/639264652150711663.jpg,https://imagescdn.dealercarsearch.com/Media/25092/24339850/639264652152666105.jpg,https://imagescdn.dealercarsearch.com/Media/25092/24339850/639264652160095251.jpg,,,,,,,,,,,
24123413,10800,2006 Dodge Grand Caravan SXT,"Used 2006 Dodge Grand Caravan SXT with 164,536 miles. Stock #10800. Buy Here Pay Here financing available at Village Motors in South Lebanon, OH — no credit check, no interest, no dealer fees. Call 283-203-8763 or visit us at 260 West Pike Street.",https://villagemotorsautos.com/vdp/24123413/Used-2006-Dodge-Grand-Caravan-SXT-for-sale-in-South-Lebanon-OH-45065,Dodge,Grand Caravan SXT,2006,164536,MI,2D4GP44L56R879860,2200.00 USD,used,good,available,Not Specified,MINIVAN,automatic,FWD,gasoline,budget,Village Motors,"{""addr1"":""260 West Pike Street"",""city"":""South Lebanon"",""region"":""OH"",""postal_code"":""45065"",""country"":""US""}",39.3735708,-84.216369,https://imagescdn.dealercarsearch.com/Media/25092/24123413/639252411669158969.jpg,https://imagescdn.dealercarsearch.com/Media/25092/24123413/639214486464727066.jpg,https://imagescdn.dealercarsearch.com/Media/25092/24123413/639214486480867248.jpg,https://imagescdn.dealercarsearch.com/Media/25092/24123413/639214486532065636.jpg,https://imagescdn.dealercarsearch.com/Media/25092/24123413/639214486547095866.jpg,https://imagescdn.dealercarsearch.com/Media/25092/24123413/639214486548330316.jpg,https://imagescdn.dealercarsearch.com/Media/25092/24123413/639214486561823894.jpg,https://imagescdn.dealercarsearch.com/Media/25092/24123413/639214486562950197.jpg,https://imagescdn.dealercarsearch.com/Media/25092/24123413/639214486570852501.jpg,,,,,,,,,,,
24346096,10815,2009 Dodge Ram 1500 SLT Crew Cab 4WD,"Used 2009 Dodge Ram 1500 SLT Crew Cab 4WD with 170,563 miles. Stock #10815. Buy Here Pay Here financing available at Village Motors in South Lebanon, OH — no credit check, no interest, no dealer fees. Call 283-203-8763 or visit us at 260 West Pike Street.",https://villagemotorsautos.com/vdp/24346096/Used-2009-Dodge-Ram-1500-SLT-Crew-Cab-4WD-for-sale-in-South-Lebanon-OH-45065,Dodge,Ram 1500 SLT Crew Cab 4WD,2009,170563,MI,1D3HV13T99S704528,7300.00 USD,used,good,available,Not Specified,TRUCK,automatic,4X4,gasoline,budget,Village Motors,"{""addr1"":""260 West Pike Street"",""city"":""South Lebanon"",""region"":""OH"",""postal_code"":""45065"",""country"":""US""}",39.3735708,-84.216369,https://imagescdn.dealercarsearch.com/Media/25092/24346096/639262057820733164.jpg,https://imagescdn.dealercarsearch.com/Media/25092/24346096/639262057823728973.jpg,https://imagescdn.dealercarsearch.com/Media/25092/24346096/639262057842055486.jpg,https://imagescdn.dealercarsearch.com/Media/25092/24346096/639262057843308153.jpg,https://imagescdn.dealercarsearch.com/Media/25092/24346096/639262057863220242.jpg,https://imagescdn.dealercarsearch.com/Media/25092/24346096/639262057864757701.jpg,https://imagescdn.dealercarsearch.com/Media/25092/24346096/639262057879132051.jpg,https://imagescdn.dealercarsearch.com/Media/25092/24346096/639262057880302459.jpg,https://imagescdn.dealercarsearch.com/Media/25092/24346096/639262057893625575.jpg,https://imagescdn.dealercarsearch.com/Media/25092/24346096/639262057894616750.jpg,,,,,,,,,,
24245051,10819,2006 Ford Fusion SE,"Used 2006 Ford Fusion SE with 266,277 miles. Stock #10819. Buy Here Pay Here financing available at Village Motors in South Lebanon, OH — no credit check, no interest, no dealer fees. Call 283-203-8763 or visit us at 260 West Pike Street.",https://villagemotorsautos.com/vdp/24245051/Used-2006-Ford-Fusion-SE-for-sale-in-South-Lebanon-OH-45065,Ford,Fusion SE,2006,266277,MI,3FAHP07Z96R148293,2595.00 USD,used,good,available,Not Specified,OTHER,manual,FWD,gasoline,budget,Village Motors,"{""addr1"":""260 West Pike Street"",""city"":""South Lebanon"",""region"":""OH"",""postal_code"":""45065"",""country"":""US""}",39.3735708,-84.216369,https://imagescdn.dealercarsearch.com/Media/25092/24245051/639252411669225176.jpg,https://imagescdn.dealercarsearch.com/Media/25092/24245051/639238673871555107.jpg,https://imagescdn.dealercarsearch.com/Media/25092/24245051/639238673884942747.jpg,https://imagescdn.dealercarsearch.com/Media/25092/24245051/639238673886079136.jpg,https://imagescdn.dealercarsearch.com/Media/25092/24245051/639238673899366451.jpg,https://imagescdn.dealercarsearch.com/Media/25092/24245051/639238673900286034.jpg,https://imagescdn.dealercarsearch.com/Media/25092/24245051/639238673907177649.jpg,,,,,,,,,,,,,
23783089,10767,2012 GMC Terrain SLE1 FWD,"Used 2012 GMC Terrain SLE1 FWD with 134,196 miles. Stock #10767. Buy Here Pay Here financing available at Village Motors in South Lebanon, OH — no credit check, no interest, no dealer fees. Call 283-203-8763 or visit us at 260 West Pike Street.",https://villagemotorsautos.com/vdp/23783089/Used-2012-GMC-Terrain-SLE1-FWD-for-sale-in-South-Lebanon-OH-45065,GMC,Terrain SLE1 FWD,2012,134196,MI,2GKALMEK3C6192530,4195.00 USD,used,good,available,Not Specified,OTHER,automatic,FWD,gasoline,budget,Village Motors,"{""addr1"":""260 West Pike Street"",""city"":""South Lebanon"",""region"":""OH"",""postal_code"":""45065"",""country"":""US""}",39.3735708,-84.216369,https://imagescdn.dealercarsearch.com/Media/25092/23783089/639252411669292665.jpg,https://imagescdn.dealercarsearch.com/Media/25092/23783089/639235250454535597.jpg,https://imagescdn.dealercarsearch.com/Media/25092/23783089/639235250470934791.jpg,https://imagescdn.dealercarsearch.com/Media/25092/23783089/639235250472144871.jpg,https://imagescdn.dealercarsearch.com/Media/25092/23783089/639235250489401349.jpg,https://imagescdn.dealercarsearch.com/Media/25092/23783089/639235250540565481.jpg,https://imagescdn.dealercarsearch.com/Media/25092/23783089/639235250555316002.jpg,https://imagescdn.dealercarsearch.com/Media/25092/23783089/639235250556341526.jpg,https://imagescdn.dealercarsearch.com/Media/25092/23783089/639235250569433687.jpg,https://imagescdn.dealercarsearch.com/Media/25092/23783089/639235250573289214.jpg,,,,,,,,,,
23977591,10790,2014 Jeep Patriot,"Used 2014 Jeep Patriot with 138,546 miles. Stock #10790. Buy Here Pay Here financing available at Village Motors in South Lebanon, OH — no credit check, no interest, no dealer fees. Call 283-203-8763 or visit us at 260 West Pike Street.",https://villagemotorsautos.com/vdp/23977591/Used-2014-Jeep-Patriot-for-sale-in-South-Lebanon-OH-45065,Jeep,Patriot,2014,138546,MI,1C4NJRAB3ED672206,3195.00 USD,used,good,available,Not Specified,SUV,automatic,4X4,gasoline,budget,Village Motors,"{""addr1"":""260 West Pike Street"",""city"":""South Lebanon"",""region"":""OH"",""postal_code"":""45065"",""country"":""US""}",39.3735708,-84.216369,https://imagescdn.dealercarsearch.com/Media/25092/23977591/639252411669292665.jpg,https://imagescdn.dealercarsearch.com/Media/25092/23977591/639215406523236991.jpg,https://imagescdn.dealercarsearch.com/Media/25092/23977591/639215406540933620.jpg,https://imagescdn.dealercarsearch.com/Media/25092/23977591/639215406541922945.jpg,https://imagescdn.dealercarsearch.com/Media/25092/23977591/639215406553490369.jpg,https://imagescdn.dealercarsearch.com/Media/25092/23977591/639215406554326272.jpg,https://imagescdn.dealercarsearch.com/Media/25092/23977591/639215406565237242.jpg,https://imagescdn.dealercarsearch.com/Media/25092/23977591/639215406566171944.jpg,,,,,,,,,,,,
23739372,10667,1997 Land Rover Defender 110,"Rare & collectible 1997 Land Rover Defender 110 with 177,545 miles. A hard-to-find classic, available now at Village Motors in South Lebanon, OH. Serious collector inquiries welcome from anywhere. Call 283-203-8763 or visit us at 260 West Pike Street.",https://villagemotorsautos.com/vdp/23739372/Used-1997-Land-Rover-Defender-110-for-sale-in-South-Lebanon-OH-45065,Land Rover,Defender 110,1997,177545,MI,DVLASWA3972502203,42500.00 USD,used,good,available,BLACK,SUV,manual,4X4,gasoline,collectible,Village Motors,"{""addr1"":""260 West Pike Street"",""city"":""South Lebanon"",""region"":""OH"",""postal_code"":""45065"",""country"":""US""}",39.3735708,-84.216369,https://imagescdn.dealercarsearch.com/Media/25092/23739372/639252411669761754.jpg,https://imagescdn.dealercarsearch.com/Media/25092/23739372/639205124814755309.jpg,https://imagescdn.dealercarsearch.com/Media/25092/23739372/639205124832860637.jpg,https://imagescdn.dealercarsearch.com/Media/25092/23739372/639205124834215935.jpg,https://imagescdn.dealercarsearch.com/Media/25092/23739372/639205124853427265.jpg,https://imagescdn.dealercarsearch.com/Media/25092/23739372/639205124854772837.jpg,https://imagescdn.dealercarsearch.com/Media/25092/23739372/639205124870490328.jpg,https://imagescdn.dealercarsearch.com/Media/25092/23739372/639205124872754743.jpg,https://imagescdn.dealercarsearch.com/Media/25092/23739372/639205124887150652.jpg,https://imagescdn.dealercarsearch.com/Media/25092/23739372/639205124888294805.jpg,https://imagescdn.dealercarsearch.com/Media/25092/23739372/639205124902646183.jpg,https://imagescdn.dealercarsearch.com/Media/25092/23739372/639205124954146769.jpg,https://imagescdn.dealercarsearch.com/Media/25092/23739372/639205124970377983.jpg,https://imagescdn.dealercarsearch.com/Media/25092/23739372/639205124971884545.jpg,https://imagescdn.dealercarsearch.com/Media/25092/23739372/639205124986809159.jpg,https://imagescdn.dealercarsearch.com/Media/25092/23739372/639205124989568746.jpg,https://imagescdn.dealercarsearch.com/Media/25092/23739372/639205125006526648.jpg,https://imagescdn.dealercarsearch.com/Media/25092/23739372/639205125007779525.jpg,https://imagescdn.dealercarsearch.com/Media/25092/23739372/639205125027066153.jpg,https://imagescdn.dealercarsearch.com/Media/25092/23739372/639205125028118868.jpg
23739374,10666,1995 Land Rover Defender 90,"Rare & collectible 1995 Land Rover Defender 90 with 233,950 miles. A hard-to-find classic, available now at Village Motors in South Lebanon, OH. Serious collector inquiries welcome from anywhere. Call 283-203-8763 or visit us at 260 West Pike Street.",https://villagemotorsautos.com/vdp/23739374/Used-1995-Land-Rover-Defender-90-for-sale-in-South-Lebanon-OH-45065,Land Rover,Defender 90,1995,233950,MI,SALLDVAF7MA963336,29995.00 USD,used,good,available,GREEN,SUV,manual,4X4,gasoline,collectible,Village Motors,"{""addr1"":""260 West Pike Street"",""city"":""South Lebanon"",""region"":""OH"",""postal_code"":""45065"",""country"":""US""}",39.3735708,-84.216369,https://imagescdn.dealercarsearch.com/Media/25092/23739374/639252411669449097.jpg,https://imagescdn.dealercarsearch.com/Media/25092/23739374/639207562293669989.jpg,https://imagescdn.dealercarsearch.com/Media/25092/23739374/639207562312440273.jpg,https://imagescdn.dealercarsearch.com/Media/25092/23739374/639207562313609654.jpg,https://imagescdn.dealercarsearch.com/Media/25092/23739374/639207562333764052.jpg,https://imagescdn.dealercarsearch.com/Media/25092/23739374/639207562334984304.jpg,https://imagescdn.dealercarsearch.com/Media/25092/23739374/639207562354611119.jpg,https://imagescdn.dealercarsearch.com/Media/25092/23739374/639207562355739297.jpg,https://imagescdn.dealercarsearch.com/Media/25092/23739374/639207562368756814.jpg,https://imagescdn.dealercarsearch.com/Media/25092/23739374/639207562369820103.jpg,https://imagescdn.dealercarsearch.com/Media/25092/23739374/639207562383642934.jpg,https://imagescdn.dealercarsearch.com/Media/25092/23739374/639207562384748104.jpg,https://imagescdn.dealercarsearch.com/Media/25092/23739374/639207562398570860.jpg,https://imagescdn.dealercarsearch.com/Media/25092/23739374/639207562399749600.jpg,https://imagescdn.dealercarsearch.com/Media/25092/23739374/639207562415377434.jpg,https://imagescdn.dealercarsearch.com/Media/25092/23739374/639207562416605824.jpg,https://imagescdn.dealercarsearch.com/Media/25092/23739374/639207562424354636.jpg,,,
23739376,10669,2000 Land Rover Discovery,"Rare & collectible 2000 Land Rover Discovery with 176,488 miles. A hard-to-find classic, available now at Village Motors in South Lebanon, OH. Serious collector inquiries welcome from anywhere. Call 283-203-8763 or visit us at 260 West Pike Street.",https://villagemotorsautos.com/vdp/23739376/Used-2000-Land-Rover-Discovery-for-sale-in-South-Lebanon-OH-45065,Land Rover,Discovery,2000,176488,MI,SALLTGM97XA222370,25000.00 USD,used,good,available,GREEN,SUV,manual,4X4,gasoline,collectible,Village Motors,"{""addr1"":""260 West Pike Street"",""city"":""South Lebanon"",""region"":""OH"",""postal_code"":""45065"",""country"":""US""}",39.3735708,-84.216369,https://imagescdn.dealercarsearch.com/Media/25092/23739376/639252411669761754.jpg,https://imagescdn.dealercarsearch.com/Media/25092/23739376/639195592433804953.jpg,https://imagescdn.dealercarsearch.com/Media/25092/23739376/639195592513163084.jpg,https://imagescdn.dealercarsearch.com/Media/25092/23739376/639195592539860468.jpg,https://imagescdn.dealercarsearch.com/Media/25092/23739376/639195592565266734.jpg,https://imagescdn.dealercarsearch.com/Media/25092/23739376/639195592590328042.jpg,https://imagescdn.dealercarsearch.com/Media/25092/23739376/639195592614114358.jpg,https://imagescdn.dealercarsearch.com/Media/25092/23739376/639195592629989323.jpg,https://imagescdn.dealercarsearch.com/Media/25092/23739376/639195592645758659.jpg,https://imagescdn.dealercarsearch.com/Media/25092/23739376/639195592660954499.jpg,https://imagescdn.dealercarsearch.com/Media/25092/23739376/639195592676020794.jpg,https://imagescdn.dealercarsearch.com/Media/25092/23739376/639195592691619247.jpg,https://imagescdn.dealercarsearch.com/Media/25092/23739376/639195592707544263.jpg,https://imagescdn.dealercarsearch.com/Media/25092/23739376/639195592723224446.jpg,https://imagescdn.dealercarsearch.com/Media/25092/23739376/639195592738798158.jpg,,,,,
24031440,10793,2004 Lexus ES 330 Sedan,"Used 2004 Lexus ES 330 Sedan with 154,752 miles. Stock #10793. Buy Here Pay Here financing available at Village Motors in South Lebanon, OH — no credit check, no interest, no dealer fees. Call 283-203-8763 or visit us at 260 West Pike Street.",https://villagemotorsautos.com/vdp/24031440/Used-2004-Lexus-ES-330-Sedan-for-sale-in-South-Lebanon-OH-45065,Lexus,ES 330 Sedan,2004,154752,MI,JTHBA30G345030878,3000.00 USD,used,good,available,Not Specified,SEDAN,automatic,FWD,gasoline,budget,Village Motors,"{""addr1"":""260 West Pike Street"",""city"":""South Lebanon"",""region"":""OH"",""postal_code"":""45065"",""country"":""US""}",39.3735708,-84.216369,https://imagescdn.dealercarsearch.com/Media/25092/24031440/639252411669761754.jpg,https://imagescdn.dealercarsearch.com/Media/25092/24031440/639183434281003192.jpg,https://imagescdn.dealercarsearch.com/Media/25092/24031440/639183434297999161.jpg,https://imagescdn.dealercarsearch.com/Media/25092/24031440/639183434349050203.jpg,https://imagescdn.dealercarsearch.com/Media/25092/24031440/639183434361804189.jpg,https://imagescdn.dealercarsearch.com/Media/25092/24031440/639183434362758632.jpg,https://imagescdn.dealercarsearch.com/Media/25092/24031440/639183434375444088.jpg,https://imagescdn.dealercarsearch.com/Media/25092/24031440/639183434376545431.jpg,,,,,,,,,,,,
24099602,10668,1998 TVR Chimaera,"Rare & collectible 1998 TVR Chimaera with 36,255 miles. A hard-to-find classic, available now at Village Motors in South Lebanon, OH. Serious collector inquiries welcome from anywhere. Call 283-203-8763 or visit us at 260 West Pike Street.",https://villagemotorsautos.com/vdp/24099602/Used-1998-TVR-Chimaera-for-sale-in-South-Lebanon-OH-45065,TVR,Chimaera,1998,36255,MI,SDLBA01R0WB001974,53000.00 USD,used,good,available,PURPLE,CONVERTIBLE,manual,,gasoline,collectible,Village Motors,"{""addr1"":""260 West Pike Street"",""city"":""South Lebanon"",""region"":""OH"",""postal_code"":""45065"",""country"":""US""}",39.3735708,-84.216369,https://imagescdn.dealercarsearch.com/Media/25092/24099602/639252411669761754.jpg,https://imagescdn.dealercarsearch.com/Media/25092/24099602/639199704930314040.jpg,https://imagescdn.dealercarsearch.com/Media/25092/24099602/639199704946854359.jpg,https://imagescdn.dealercarsearch.com/Media/25092/24099602/639199704948132788.jpg,https://imagescdn.dealercarsearch.com/Media/25092/24099602/639199704966545717.jpg,https://imagescdn.dealercarsearch.com/Media/25092/24099602/639199704967777980.jpg,https://imagescdn.dealercarsearch.com/Media/25092/24099602/639199704983983099.jpg,https://imagescdn.dealercarsearch.com/Media/25092/24099602/639199705048362798.jpg,https://imagescdn.dealercarsearch.com/Media/25092/24099602/639199705051212423.jpg,https://imagescdn.dealercarsearch.com/Media/25092/24099602/639199705065166309.jpg,https://imagescdn.dealercarsearch.com/Media/25092/24099602/639199705069831315.jpg,https://imagescdn.dealercarsearch.com/Media/25092/24099602/639199705071080380.jpg,https://imagescdn.dealercarsearch.com/Media/25092/24099602/639199705079350454.jpg,,,,,,,
24188755,10809,2010 Toyota Tundra Tundra-Grade 5.7L FFV Double Cab Long Bed 4WD,"Used 2010 Toyota Tundra Tundra-Grade 5.7L FFV Double Cab Long Bed 4WD with 397,846 miles. Stock #10809. Buy Here Pay Here financing available at Village Motors in South Lebanon, OH — no credit check, no interest, no dealer fees. Call 283-203-8763 or visit us at 260 West Pike Street.",https://villagemotorsautos.com/vdp/24188755/Used-2010-Toyota-Tundra-TundraGrade-57L-FFV-Double-Cab-Long-Bed-4WD-for-sale-in-South-Lebanon-OH-45065,Toyota,Tundra Tundra-Grade 5.7L FFV Double Cab Long Bed 4WD,2010,397846,MI,5TFCW5F19AX010852,5500.00 USD,used,good,available,Not Specified,TRUCK,automatic,4X4,gasoline,budget,Village Motors,"{""addr1"":""260 West Pike Street"",""city"":""South Lebanon"",""region"":""OH"",""postal_code"":""45065"",""country"":""US""}",39.3735708,-84.216369,https://imagescdn.dealercarsearch.com/Media/25092/24188755/639252411669761754.jpg,https://imagescdn.dealercarsearch.com/Media/25092/24188755/639227380456704290.jpg,https://imagescdn.dealercarsearch.com/Media/25092/24188755/639227380522872314.jpg,https://imagescdn.dealercarsearch.com/Media/25092/24188755/639227380523997881.jpg,https://imagescdn.dealercarsearch.com/Media/25092/24188755/639227380538757807.jpg,https://imagescdn.dealercarsearch.com/Media/25092/24188755/639227380540167470.jpg,https://imagescdn.dealercarsearch.com/Media/25092/24188755/639227380555778991.jpg,https://imagescdn.dealercarsearch.com/Media/25092/24188755/639227380557119668.jpg,https://imagescdn.dealercarsearch.com/Media/25092/24188755/639227380569807848.jpg,https://imagescdn.dealercarsearch.com/Media/25092/24188755/639227380571003255.jpg,https://imagescdn.dealercarsearch.com/Media/25092/24188755/639227380583219815.jpg,https://imagescdn.dealercarsearch.com/Media/25092/24188755/639227380584314834.jpg,,,,,,,,
24330606,10824,2013 Volkswagen Passat 2.5L SE AT,"Used 2013 Volkswagen Passat 2.5L SE AT with 185,320 miles. Stock #10824. Buy Here Pay Here financing available at Village Motors in South Lebanon, OH — no credit check, no interest, no dealer fees. Call 283-203-8763 or visit us at 260 West Pike Street.",https://villagemotorsautos.com/vdp/24330606/Used-2013-Volkswagen-Passat-25L-SE-AT-for-sale-in-South-Lebanon-OH-45065,Volkswagen,Passat 2.5L SE AT,2013,185320,MI,1VWBP7A33DC041276,4700.00 USD,used,good,available,Not Specified,OTHER,automatic,FWD,gasoline,budget,Village Motors,"{""addr1"":""260 West Pike Street"",""city"":""South Lebanon"",""region"":""OH"",""postal_code"":""45065"",""country"":""US""}",39.3735708,-84.216369,https://imagescdn.dealercarsearch.com/Media/25092/24330606/639258651756280922.jpg,https://imagescdn.dealercarsearch.com/Media/25092/24330606/639258651759554427.jpg,https://imagescdn.dealercarsearch.com/Media/25092/24330606/639258651774935151.jpg,https://imagescdn.dealercarsearch.com/Media/25092/24330606/639258651776447733.jpg,https://imagescdn.dealercarsearch.com/Media/25092/24330606/639258651793146045.jpg,https://imagescdn.dealercarsearch.com/Media/25092/24330606/639258651794404110.jpg,https://imagescdn.dealercarsearch.com/Media/25092/24330606/639258651807259311.jpg,https://imagescdn.dealercarsearch.com/Media/25092/24330606/639258651810046642.jpg,https://imagescdn.dealercarsearch.com/Media/25092/24330606/639258651823324974.jpg,https://imagescdn.dealercarsearch.com/Media/25092/24330606/639258651824682750.jpg,,,,,,,,,,
